observation_id,notebook_id,commit_hash,refactor_code
1,0,e0dbcb1ac253a83ab6438485f6cbf604a6fb3da4,rs
2,0,3ffcd4387245168b9edf7ed6c68b9df8c10ccc23,ec
3,0,6418993cc7f2c84508fae9107b27de48c3ee286a,co
4,0,e58d2297fa83fb312648823dc9d9f3418c8b72bd,efun
5,0,69be851664994dca870a2c15e4abe7c271ae7eb7,rs
6,2,5b1d1999be1649a9f46a5ef0a00b690a3b849b05,cfs
7,2,1191dc9a327f2b4a500b97c86056961dfb1cf3c1,em
8,2,a6b63cfdf9d269edfd112e90a19f568d322cb633,mi
9,2,a6b63cfdf9d269edfd112e90a19f568d322cb633,rc
10,2,4a66675fe86fbc64fc822d79aad7ed066c9ffb5c,co
11,3,dd211aef61d770e176bc7221580ae7c5901269ff,co
12,4,8d24454988aa6ba3e60bb761e9e7ae0e35d4fd86,rs
13,4,2c0fede60753bfe6010d152d5f820fddee902f63,cfs
14,4,360e7927243ad8edf0cd4cae3d42513f9de96e66,cfs
15,4,360e7927243ad8edf0cd4cae3d42513f9de96e66,mc
16,4,37ac4fdd3fb83f1d8bfc3a15eb73ba4e8b512f23,cfs
17,4,d9c72654b4620a5655c2c72ca4fd5844e70de1b2,em
18,4,039de025381bf006ee7bdfb4b38479857f4c2696,rc
19,4,ae08a2e3f4a174b1af282bf80ea872ed80450711,em
20,4,ae08a2e3f4a174b1af282bf80ea872ed80450711,t3c
21,4,ae08a2e3f4a174b1af282bf80ea872ed80450711,ec
22,6,0a2f99735b9230ed089e81a6ff5c4409a320b135,sc
23,6,0a2f99735b9230ed089e81a6ff5c4409a320b135,sc
24,6,adc220e249f6a9211d9c1ca2020e7df1c6129175,efun
25,6,adc220e249f6a9211d9c1ca2020e7df1c6129175,efun
26,6,adc220e249f6a9211d9c1ca2020e7df1c6129175,efun
27,6,adc220e249f6a9211d9c1ca2020e7df1c6129175,efun
28,6,e71ba1e71f5d0db5674de14947d9f6051ae927e3,mc
29,6,e71ba1e71f5d0db5674de14947d9f6051ae927e3,rc
30,6,58632ed44503fb360b32e7ede6eb6a77d3968797,cfs
31,6,670ea3c6ab25e9febeec4ee508f6846460f8a6a2,rc
32,6,670ea3c6ab25e9febeec4ee508f6846460f8a6a2,mc
33,6,c018d43845f4f19f5cda9b22d3b9cd025de58714,mec
34,6,c018d43845f4f19f5cda9b22d3b9cd025de58714,co
35,6,c018d43845f4f19f5cda9b22d3b9cd025de58714,rc
36,6,c018d43845f4f19f5cda9b22d3b9cd025de58714,mec
37,6,c018d43845f4f19f5cda9b22d3b9cd025de58714,mc
38,6,13371f92cf125a1c916c2210062895b8e856b947,rc
39,6,13371f92cf125a1c916c2210062895b8e856b947,mnc
40,8,753ca34a8ac0c5e3fc455af6bd16936a2f574b9a,efun
41,8,df6a62f75e4c7164197f026ffd68c783da1bd4ee,cfs
42,8,df6a62f75e4c7164197f026ffd68c783da1bd4ee,efun
43,8,4a27379aafe97713a412102949eb75b697cf8a70,mi
44,9,0b2e6a5ad55bdd683246dad96a3c62f0c980f92a,co
45,9,0b2e6a5ad55bdd683246dad96a3c62f0c980f92a,co
46,9,709b295eb3692fdf5c8bce0e2df1a695d4fce045,ev
47,10,0f9e5514282d6b844c342f574c779bdc0b83ea4a,t2c
48,10,0f9e5514282d6b844c342f574c779bdc0b83ea4a,mc
49,10,cbde41b212c584306b837c0ebfc32a0aca84c410,t2c
50,10,cbde41b212c584306b837c0ebfc32a0aca84c410,t2c
51,10,cbde41b212c584306b837c0ebfc32a0aca84c410,t2c
52,10,cbde41b212c584306b837c0ebfc32a0aca84c410,t2c
53,10,cbde41b212c584306b837c0ebfc32a0aca84c410,rs
54,10,c1bd9aee305185450fb913c52bd6514bb3883404,efun
55,10,f0dfee0994754b0a28074f52b0a1aa7a1e2df5cd,efun
56,11,e755d56119532ca5278b9e03b8fe9041b8b3a4ca,rs
57,14,2e4e842df2a52549a1f30182936da800b6d36111,efun
58,15,8ca59a087ff58614a6cf7731febb15f27a7e2092,efun
59,15,601ef4b238f9be9a4ed3db741719a00622921e25,rc
60,15,d92395daa6c9cb81e7c187198f90273b1a3717c3,ec
61,15,4140ecc24a150d81a5d7ae64d5968b6d1bc07e97,co
62,15,4b3d84ed20b8f065be6d92a2071b3ead8fc9b9dd,rc
63,15,0e4c7f6987c68803d2f8844aa298a5cd620e699b,rc
64,15,f3d49bec539cae16aa386244986c38ae56164341,rc
65,16,42e3331af88977c0c0cdcf0799c45b0afa363da8,rs
66,16,42e3331af88977c0c0cdcf0799c45b0afa363da8,mi
67,16,42e3331af88977c0c0cdcf0799c45b0afa363da8,mec
68,16,679ea9231f1b50eb550191ef6b19c5ce7ce68a98,mi
69,16,679ea9231f1b50eb550191ef6b19c5ce7ce68a98,rc
70,19,212c96d4e1e2d5fe510193230a50d6575e01175f,co
71,19,abff9b691c63e1b2c85d5269fc0ed61222d3b9f4,co
72,19,b8ce795a9967f74bcce9e543866ec07e2e0371d6,co
73,19,ef6d3e5e48dd43cbec7128074e7bb1baee9086eb,rs
74,19,c7f2f9a02d044a053d99c8cb8eb1639d6fe8324b,efun
75,19,7bbedd935a4adccf210a6dfb175d6a402b4371c7,cfs
76,19,7dad5384a16f67dad577ef9ac39d33236ae98899,mec
77,21,f712e887b0f9e5d04e09fd3a8df30179fad78c43,cfs
78,21,99a40b2938f627835b99d049491bd64122333dc5,rs
79,21,46ad78f4a02f36776a717ed058aaaa94e13b7c62,em
80,21,db258965f01a936b7354d850e0ab7af06bf90100,rc
81,21,8990ae321b40438d1d1adceb7687d0748cfd70d6,rc
82,21,8990ae321b40438d1d1adceb7687d0748cfd70d6,mc
83,21,8c835ea41d8466bff7aaffe2fe7d4691711ff765,efun
84,21,8c835ea41d8466bff7aaffe2fe7d4691711ff765,co
85,21,d2d4c9c799a85f472e53e25f870186618696e505,co
86,22,586250cee1fd1d713778947fa0400e2cc14d9ff7,rc
87,22,586250cee1fd1d713778947fa0400e2cc14d9ff7,co
88,22,843ade77284b1a6e6ee2831cee3102cc75632194,co
89,22,e415c5288b620664fefd27b36ad1ba01657e80bc,mc
90,23,23d0482bd8aed9c3d54106c9b32532cd7dfe6d7a,t3c
91,23,23d0482bd8aed9c3d54106c9b32532cd7dfe6d7a,t3c
92,23,23d0482bd8aed9c3d54106c9b32532cd7dfe6d7a,t2c
93,23,23d0482bd8aed9c3d54106c9b32532cd7dfe6d7a,co
94,23,ce33bcdaad158f933d51b602bd7de6b4a5380265,co
95,23,c96f2890b35416473d0ff05679e2d2e9971aa114,co
96,23,c96f2890b35416473d0ff05679e2d2e9971aa114,rc
97,24,54a8c0949c3f6c59b6af895bf173b5cd0de94896,rs
98,25,94122ddd635508ac358153d46cd2859e1ff7f6d1,em
99,27,71f9c2dd7a7d6c1ce7bba6ce94cd4d64741531ba,rs
100,27,71f9c2dd7a7d6c1ce7bba6ce94cd4d64741531ba,t2c
101,27,6e9631fa0d5d0a01b05a3fe894b0ea7df725b8e4,ri
102,27,6e9631fa0d5d0a01b05a3fe894b0ea7df725b8e4,t1c
103,27,6e9631fa0d5d0a01b05a3fe894b0ea7df725b8e4,t1c
104,27,abf3ab250ded6e9d48d02767b97509ba3b8afd67,co
105,27,1a76509737ec57d6da921a9f7efe666422b7d225,co
106,27,1a76509737ec57d6da921a9f7efe666422b7d225,t1c
107,27,1a76509737ec57d6da921a9f7efe666422b7d225,t1c
108,27,14cc159223365923a79d33046c41ddc92dc84c3b,co
109,29,4658cc117e7ad1cf227daf77263e73f4f619c634,mnc
110,31,b7f279934cf3325317f83f67e675afb36581a3d1,sc
111,31,b7f279934cf3325317f83f67e675afb36581a3d1,efun
112,31,fd8fa716caffde07867ad1ba97ebb1aebf5e7dcb,cfs
113,31,a3733880dba1f3482766175ec3e43b936c708712,co
114,31,39f8306b296933aadaf89e6f4f9620504ff37ce9,co
115,31,88fde271a9e2f4da0bf27d120b30efec07b5e7a8,efun
116,31,a7b24da3fb882c72f5ebcb01c30e963abbf30000,co
117,31,a52d5ec877b9c519ef9cc5a34fa752b8cee90687,cfs
118,31,10ea32a95df87b4dd5281bb561d0a736bde9a0d9,efun
119,31,ac1324e8f915180cf301f3b033b2e87baa823f88,co
120,32,01eae6510ca24c92a91516af189a0a4d27e9543e,co
121,32,3c8eee5240381fa1fb4141765e8ac3a1dd376f57,cfs
122,34,b216e98ddd44d35a6dfd845ac35e4aac861e03db,rc
123,34,f3b24b95e39dbd061bf64984ab280b8347019c67,mi
124,34,22c67d6895a20728af0f0f35e1735e43499b4ea9,mi
125,34,e439cfb8164701d4506524c119101587b06e111c,mi
126,34,fe523dc54983dce9ddc4012b2e3e00e6b54f1666,rc
127,34,5407e01ef5ea2fd16d48b3a98cff00ebb1d27611,co
128,34,d78b879261cad78da0f0d6fdef87091c1686ca9f,rc
129,34,7d26cd33cc2d4591bdd0499cf1c26c4441552a2a,rc
130,36,c82c2496d69986c5e78f39666a6ef40499b6703a,ri
131,36,cee132cc1d2e900a7d5be35416f400fd03930fb0,co
132,36,cee132cc1d2e900a7d5be35416f400fd03930fb0,t1c
133,36,a578228d2627a97cc327f94858023c4278c09f46,t2c
134,38,a08d6198f143811e27a4c3c1d242e1a759f25fd8,co
135,38,65036d9304d74a609daade60d3ff5be3ff68a13d,efun
136,38,65036d9304d74a609daade60d3ff5be3ff68a13d,cfs
137,38,74bffed3973490ef99e26c1ab81e818f0eed0c35,rc
138,38,fc5443d0af7fd601177b32659f929a6dd65031bd,cfs
139,38,19a9284a95dd33bd3554d73ba3618d84efb33554,efun
140,40,f635abda7ca860b5d39c936286d9f7be6c27aa02,rs
141,40,682c6ca2a7d9e5e66d2ef0272181a3cbc45ae69c,em
142,40,c80d572c48c23d2e4e2ea566ab61d52765c0e6b3,t3c
143,43,f32a90fee024f1d69cc130fa1aa3a6c769b920d6,efun
144,43,f32a90fee024f1d69cc130fa1aa3a6c769b920d6,ec
145,43,f32a90fee024f1d69cc130fa1aa3a6c769b920d6,ec
146,43,f32a90fee024f1d69cc130fa1aa3a6c769b920d6,rc
147,43,31f50ab53781eae8de29bf4eadca31854f56f72d,cfs
148,43,31f50ab53781eae8de29bf4eadca31854f56f72d,co
149,43,5ba801165e4376d8bd6dc315f8c6804a7afb7953,efun
150,43,5ba801165e4376d8bd6dc315f8c6804a7afb7953,ec
151,43,685774ee94ca08da988e86869b880681ec4239d4,cfs
152,45,c5bfa9786f8559735f14c3c5a1c48ecdd7cdfe7e,cfs
153,45,90149296f6b7de8b0726aa6f033b9a70b8036454,efun
154,46,4a97ef7584fb5953dee5aaed624b5b01080f2470,mc
155,46,89327117c44a818350e647a566c456c7620fcf76,efun
156,46,9bed0b5800e31b47da4455f604eb8349f093f0a5,sc
157,47,bb78d015b3af51e6f891005e0f12393dcba7c989,cfs
158,47,bb78d015b3af51e6f891005e0f12393dcba7c989,rs
159,47,c7b2d6302dd22af2ef032f7d910888616d749537,rs
160,47,515e526af51dde2ed33ac27601d7b23e0d5d98c0,rs
161,47,515e526af51dde2ed33ac27601d7b23e0d5d98c0,rs
162,47,3f75cf94157abc16fcd30cef03d3b92fded65395,ec
163,48,c4b791809dc1e25326af22143388a3d7d43f6537,rc
164,48,3d55a9e6cb243f5b30386483a62360451efef3a8,mi
165,48,3d55a9e6cb243f5b30386483a62360451efef3a8,mc
166,48,7ff50042ae690ad754c589f46f35c7f2d363cbb0,cfs
167,52,55e15badb2d813b0d1c51342986562f88798e39e,rc
168,53,e906308c142b4696686d70f45bf9dad6fae1bff5,efun
169,53,e906308c142b4696686d70f45bf9dad6fae1bff5,efun
170,53,e906308c142b4696686d70f45bf9dad6fae1bff5,co
171,53,1b364ec346e4424852b90a0974458ef1562bc8b7,cfs
172,53,e241f6f4061936b43c53df1a48df66de2dad8a13,cfs
173,53,f262934192cd5a9943cf954d35fa0a89a4f9b5f9,co
174,53,f262934192cd5a9943cf954d35fa0a89a4f9b5f9,cfs
175,53,bdb56958770465370dc3aed6ec121591673e3b82,cfs
176,53,3abd71ea3438ac032598ef998b42bd722b702801,co
177,53,0c58287874ff16e375258c7a0491d209a5c5a1b0,co
178,53,f1e5ed77807c53fb037677413512dfe6b63ad74d,co
179,53,e89f8dd492e98a20a535377c2b435ef102c27996,co
180,53,28a03b15280c204dd251f1dab05aade1f6536294,em
181,53,28a03b15280c204dd251f1dab05aade1f6536294,co
182,53,82e595193c7b77f0553d9d910fe08872339e4bc5,rc
183,53,95b2029216a53188ebe2b1f5c73fa2e77635607c,sc
184,55,169b4b62990b5d373f628daf67d26ae98e97550a,rc
185,55,118a20d0d7400db126315b8b182599a6809967b2,ri
186,55,bc657abae7387b145aa0baf05cb89f53239312ce,co
187,56,7f79cdb71d1113e5bc8589d966166429577db2ee,mc
188,56,3eeddd8d3a6a2467bc792504f9717910d492c77a,mc
189,56,d8e9e3f406edfde9551fce5cb019ceaedfa54672,co
190,57,d7aa8d6aae16daa2e26c327162068e3591d4b3e8,sc
191,57,8cabb3b33c97981db55af30e48501c2f63db7237,sc
192,57,53471f72c506ce1e2519b846493ec78188012c52,mc
193,57,3c889cf9f5153338aea2216bc4f1feb916ef5018,co
194,58,60bfa778fb13202376e3f61ec8b46452cb012a85,mc
195,58,3eaffe88d22e9980f7c9084e59fb79fe82be1ab4,efun
196,58,fe770bb1c048c41932ace2e946e428713a740400,efun
197,58,0c1b88fb501f7b25311d34b95d803a9d7d0beeb3,ek
198,58,3b835988d5e7fea5d684ffa92b2727f6ada51974,efun
199,58,3b835988d5e7fea5d684ffa92b2727f6ada51974,rc
200,58,79608540e293c72875e9708ef8d5b261d5815aa8,cfs
201,58,79608540e293c72875e9708ef8d5b261d5815aa8,rs
202,58,46d504dfa6946f250fbb679c36998455b70c05b9,cfs
203,58,d0ce7b7c7d362acb5ca4ee49c680728e79e04668,co
204,58,086d9c5189a9bd0e887a07da1575948e8dc1c507,rs
205,61,23d157b4b8d16ad86b0da89a085ab36ed283c904,rc
206,61,9a4e8defba7177cfdd46a2961675c3a29f25ed81,sc
207,61,9a4e8defba7177cfdd46a2961675c3a29f25ed81,rc
208,61,b0189784f5b36f2a2d8f4441607a3f96718c8dd7,sc
209,62,b404f4d586e9eab3f50a7c23b83e0cbf311e2a2a,mi
210,62,a759007a9a1d7b665dc025d2844a26da32489805,mc
211,62,c229033819163adf84a4e4a3f8f1439b70e1ad53,co
212,63,07b240aa1d387a05ec04df83630757eb791c1371,co
213,63,e0e05139d2a7763130ab7f44232015708ef8a2c9,t3c
214,63,e0e05139d2a7763130ab7f44232015708ef8a2c9,t2c
215,68,419c6b50745551c798c2d50664aa8435592d1656,cfs
216,68,419c6b50745551c798c2d50664aa8435592d1656,cfs
217,68,b569ebffbb0532c2c3bfb95a270fa8f07108a727,mi
218,68,b569ebffbb0532c2c3bfb95a270fa8f07108a727,mnc
219,68,b569ebffbb0532c2c3bfb95a270fa8f07108a727,mi
220,68,b569ebffbb0532c2c3bfb95a270fa8f07108a727,efun
221,68,563f54adbeb9e95b813625116f0d7251e70ac2bd,cfs
222,66,1cb788fa1d2c427972e7b2d6b1f3f125895d4da2,sc
223,66,fd831b0ee098f6b3c07967bfa53954af93ba82b1,ec
224,66,fd831b0ee098f6b3c07967bfa53954af93ba82b1,ec
225,66,eb9a266f0e5a4bb8cfb9007af17e69c2ecbfdb45,rs
226,71,1e45a84e56c9816a96752cc78228edf72bf49785,rs
227,71,1e45a84e56c9816a96752cc78228edf72bf49785,efun
228,71,24c047a716a66f4184f178b3ec7966738f05a486,sc
229,71,5d023e742032f3846f8608a11b95158d5a171d46,rc
230,72,16800c18d3ebf4957eeb6926b331ac54ae8ff6d4,t2c
231,72,16800c18d3ebf4957eeb6926b331ac54ae8ff6d4,t2c
232,73,0c2d3bc5745ec75fc6cdbe54992cfab30f37c241,mf
233,73,0c2d3bc5745ec75fc6cdbe54992cfab30f37c241,mec
234,73,633d08f4b8b236a2b278d2dea239bb6824122f32,co
235,73,7242aad59086b9a6c34658af764b0dd638e47432,co
236,73,7242aad59086b9a6c34658af764b0dd638e47432,mf
237,73,7242aad59086b9a6c34658af764b0dd638e47432,mec
238,73,cd6635d7ed54e7952fab86f2aeab28e6603bd69b,co
239,73,478480aed4a9001d8a3d7ae0ea25dc4c5df592e5,co
240,74,caae4e809554c34367878ea430ff1f10f8330495,em
241,74,617a1129f5fc49a9a471ae92dd61cdeba259744f,co
242,74,084ab0ed59b22c1517739ad1c8fb69ec02c0d826,ek
243,78,4bd58c123a16fad054e94c02866c5c79d529f875,co
244,80,a4558cb0023725097f8437298b84a9c05a324012,co
245,80,6ce9845e338ef093ebf83daec307559c7f54e2c4,co
246,80,4956f40e38dba2d1425ccf6831ea49e7e0d2465e,co
247,80,f9cee2fbd6369db851272d5da18b231d1454a439,rc
248,80,8de14582837b75d63df9b4abcfa31871608bc731,co
249,81,bf41780735c18f001f8b076e5e41814413aefda6,mc
250,83,84bb4c492e1a372f43cc1b548aeeacb1a1b66afd,t2c
251,83,a29b3b080ea0b29826f9708303dd45939b741bf2,rs
252,84,c83434e25d3697f04daf880c92c19ede06c1bcad,rs
253,84,c83434e25d3697f04daf880c92c19ede06c1bcad,cfs
254,84,1f20f90361f2ecf0dfb16dfca61a8ca5f7025663,t2c
255,84,4f020479e044d489f44a3d66fdbbffe3df59d54d,ec
256,84,4f020479e044d489f44a3d66fdbbffe3df59d54d,efun
257,85,36691c53c3d560aa7e14858e1759e96bffc929dd,mc
258,85,acaa347c0b5b1b2296ea41150c8da471477e3a8a,co
259,85,15c3be4f812589155411bf2c4c1104e5dbdfb9b0,t2c
260,85,15c3be4f812589155411bf2c4c1104e5dbdfb9b0,t2c
261,85,b13a6fd293228f284479a0e4e3b3b2da8d5f65fc,co
262,85,b13a6fd293228f284479a0e4e3b3b2da8d5f65fc,efun
263,85,b13a6fd293228f284479a0e4e3b3b2da8d5f65fc,efun
264,89,6e5a7d9af85d67ec1dd499b472472b68a56d51a2,ri
265,89,7692bdac3491c4d8f70f16351e291f17fb2bac32,rs
266,90,b456853db5dd4f1fbffbe6b25f48b8da072865c4,cfs
267,90,994b4987143dd22cacc5b25e6fd4472b64397212,cfs
268,96,62d5a5318667d10d91262d9f5dc70bd75a6acfee,co
269,96,a16cc32176d39b393d3d55c3c44d48e3eda90d54,rc
270,96,5be6fbd54095ec8fcc88c63d5b40913660ceb78d,rc
271,96,b0666815d32e5f8fd7ba76c7505a1da86090f417,em
272,96,d0f71faba4a67cd6852ec12641f1c1b137313a4a,ec
273,99,fc7b242932a2ba3388ed9f7fe797e5d1120d16b1,cfs
274,99,9cafb311be8d46753727e1414f92f1f46b850b30,efun
275,99,9cafb311be8d46753727e1414f92f1f46b850b30,ri
276,99,e21f91e4abe32aa8c26f653191759a548da3754c,rs
277,100,d3dfc710545a8b924cf334ee79c3716911f4ddd9,rs
278,100,d3dfc710545a8b924cf334ee79c3716911f4ddd9,efun
279,100,ff9914be0d98328825d4399f12ab29fa5aad19fe,rs
280,101,aea76006d60ab594edff465ba937e9e8526e5fbc,co
281,101,a275673568778fd3abe98a4480b7346545a1a956,co
282,102,5d417ac0668d87d75bbf14e797fe3403619c45e6,t1c
283,102,2c51ab78d7f1db095de89008ed4ac77564887cf9,mc
284,103,5be342973a2c659586dce5dc940ddfbd0dcca6f8,cfs
285,103,5be342973a2c659586dce5dc940ddfbd0dcca6f8,mnc
286,103,fe1a373f492abe5be6fb08ce7576c0f98f0fbbb3,rc
287,103,dbc84220b7031266cc78597543b5be79c80b02d9,mi
288,108,eb9700ad1a5c00586c9cd0e733d85d6d27cd9d43,efun
289,108,a51ae18f8641a56765798f4e7e84d34e497d0d99,cfs
290,109,a28235b87c3b333a3344e9a8221d1724450238ec,sc
291,109,134b22cc72afa1a59fedc78639a720c5cefbae18,sc
292,110,42f008b4ec9493e2031dd131e84558701749a7e3,mc
293,110,1e860880e04ad3921d8b7cff596845b42412372f,cfs
294,110,4cad5aa73ed96474d268817e91943c9d9bad66b8,rs
295,110,513173bcaff273b867caee0dbffc0dff440c5ca4,cfs
296,110,1a3fc57e91edc2819c0af00ae0e503362e268ac8,cfs
297,114,6d917d65e631797300b1fbcdbe2553eb7ab3e4fc,rs
298,114,65d563c5c80a8932cf037f352a8dda98508a192e,cfs
299,114,30fac3d3a5c9828e4601a2fb8c5ae2ea0b01ca93,co
300,114,ea4d9617c496939fe89e44280942aa791409e848,efun
301,114,8b2fac92b0384aee2cdb73f285c8820480185425,co
302,114,d283385b1639d54f44639b778003a40df77c6ef8,rc
303,115,519715ae9eae725edaa47cfb339bb3930fd28d64,sc
304,115,bc91d5e2aaa60586f1e9a7bc8de8746fc1c1a806,co
305,115,bc91d5e2aaa60586f1e9a7bc8de8746fc1c1a806,mnc
306,115,491067e2c465dd736fcf26f34b9b251fac9aaa36,rs
307,115,491067e2c465dd736fcf26f34b9b251fac9aaa36,co
308,116,c20896a218b64ecb3bff515630230fe7746ff2c0,rc
309,116,9febc4014e01d0323d467daca465a2a89c280734,rc
310,116,70bc2fdbf47ab25945bc53aaf8f8065d9d61c937,rc
311,117,1e81fa627363b3133d98aea8d22ced6d9ff8e0e2,efun
312,117,1e81fa627363b3133d98aea8d22ced6d9ff8e0e2,cfs
313,117,ae0f8e124964f45a1f5a9e12490a2c2c23b25a04,co
314,117,02cafef57f091b0de90eba2fd9f895693b39c065,rc
315,120,7ccacf9af9425ac7b6e1d15ec3ef6d4b4dfad25c,mc
316,120,12246fda149a63ef1a9203d8defc30760779a9fb,rc
317,121,7b0c5073d7ec2a9bc9e3629a323e0f0c58401cc9,mi
318,121,7b0c5073d7ec2a9bc9e3629a323e0f0c58401cc9,mc
319,121,7b0c5073d7ec2a9bc9e3629a323e0f0c58401cc9,mc
320,121,7b0c5073d7ec2a9bc9e3629a323e0f0c58401cc9,mc
321,121,7b0c5073d7ec2a9bc9e3629a323e0f0c58401cc9,co
322,121,7b0c5073d7ec2a9bc9e3629a323e0f0c58401cc9,mc
323,121,7b0c5073d7ec2a9bc9e3629a323e0f0c58401cc9,mc
324,123,ee17f00d6c658b0fd3a245e2be2126241cb5ab1a,co
325,123,ee17f00d6c658b0fd3a245e2be2126241cb5ab1a,t1c
326,123,bc1e71cfd7570042d4c0fa439b564d42b766ea56,mc
327,123,18a2d0cb16b31b48a1c8d55d6a959dd60373d1c0,co
328,125,599d23f56dd431ca88755334d81e9231f1c05396,mc
329,125,fe95b16451c9c1f448ce259491ab666fd6604be3,sc
330,126,22cc054880998e3e831667f6a9d08076c998f1aa,efun
331,126,02b8c2065c972c8a6e378b9f01b7d6594ffa2e3a,efun
332,126,02b8c2065c972c8a6e378b9f01b7d6594ffa2e3a,rs
333,126,02b8c2065c972c8a6e378b9f01b7d6594ffa2e3a,cfs
334,126,351b9bc69de896b0297e17f803e4b0f47ef39145,cfs
335,126,b999bad69e7fe233c9e2773db31c1e5a72950056,cfs
336,126,b999bad69e7fe233c9e2773db31c1e5a72950056,cfs
337,126,b999bad69e7fe233c9e2773db31c1e5a72950056,cfs
338,126,9ee72a7fd490a2c873e41fde1f09daf9e2c980ef,cfs
339,126,9ee72a7fd490a2c873e41fde1f09daf9e2c980ef,cfs
340,129,6e70a21aaed3f47dee5b2e94a4d7a31c0d57a010,mi
341,129,b4011766f1ca9dd8263b44bef8bf537ab4b80446,co
342,129,2d3ba2dc6617d0f238801bd5c27b6435782cd350,em
343,129,d5525603709250f333e35591e7c28debf92e8d45,mi
344,129,4d0966014194e1470591d0501e62273ce509d08e,ek
345,129,4d0966014194e1470591d0501e62273ce509d08e,efun
346,129,4d0966014194e1470591d0501e62273ce509d08e,efun
347,130,fe74aac1d66b5bede6c185219c3b28dbbf35967a,mc
348,131,e110d724c627c0aad1c751d43a35d00ccbfc7776,cfs
349,131,d24441f1a66f282e49de1e1ff820c7051d0b03c7,rc
350,131,0e1a375b3d79e24c82f8daaef214edeaf91ea3fb,cfs
351,131,0e1a375b3d79e24c82f8daaef214edeaf91ea3fb,cfs
352,131,05eb2c95e578d1a675274202a608ce5e05361829,rc
353,131,44e67e83e81ad4d6f0d70a237aa3fa9d6358d629,cfs
354,131,f8e3419fa908392c352ab1e2d05c914439338f7c,cfs
355,131,03ba10f6fccb701321f92ba389262984d94c426b,cfs
356,131,03ba10f6fccb701321f92ba389262984d94c426b,co
357,132,5ab6f7ed720f926de87e7be0e850fc3b6f02ca47,t2c
358,132,08cf551ebb7c7135f9d9e3d6de009a826a5a43f9,sc
359,132,c74d32e126a49dae81bb4c01672105eabae88089,mc
360,133,07c524051a038e276646d0f8e8e5abedcb957917,sc
361,133,07c524051a038e276646d0f8e8e5abedcb957917,cfs
362,133,d8ea51c29c2f91658053f04d44ca6a040ce6cd7a,co
363,133,d8ea51c29c2f91658053f04d44ca6a040ce6cd7a,rc
364,133,d8ea51c29c2f91658053f04d44ca6a040ce6cd7a,rs
365,133,44d9d0b0529e47d9bbbf6da0a82d84111c9f6862,ec
366,133,94983ae5176b1f60f34082e4ad13ac60cbb1121c,rs
367,133,aa6f39b0cea47bdb6dfe6bb36143243fb490a618,cfs
368,135,4da10d0ade46218675e72032953dc1d8c8de938a,co
369,135,ba03a28536178fa9f363fcb509b1bb46a9feb3bb,efun
370,135,ba03a28536178fa9f363fcb509b1bb46a9feb3bb,mc
371,135,e10a8b7f51ab7000322ef7a1f81f2488e883a87a,efun
372,135,e10a8b7f51ab7000322ef7a1f81f2488e883a87a,rs
373,135,770bae39244062aa22c9ed50df019144e63adc09,rc
374,135,770bae39244062aa22c9ed50df019144e63adc09,mi
375,135,770bae39244062aa22c9ed50df019144e63adc09,mc
376,136,219d4154f3c89be20adb9f0bdad81f1ef973a9da,co
377,136,df299aa87b00cb690739c8b1f0ff961a3d89bbdf,co
378,136,b10ca3330324e781f766622148eb9be23b826db5,co
379,136,0776e86a708216a192732d61c5aa2b2fe5912b0a,efun
380,136,ddcd4f165f1206c0707e2cd496dbca6a0f45bc64,co
381,137,d6aa19d190fac7c411f728796303564be565a7a8,efun
382,137,b883599d8acde9ea743c1f14c0fa81f158c3ff95,efun
383,137,b883599d8acde9ea743c1f14c0fa81f158c3ff95,cfs
384,137,45d2639195745e3f78d1c8eb0651c91638722b5b,cfs
385,137,45d2639195745e3f78d1c8eb0651c91638722b5b,cfs
386,137,f0faf0682c1741923c03df557815f92163846027,co
387,137,f0faf0682c1741923c03df557815f92163846027,cfs
388,137,6488ea05fe31460adef95da3a84df9b9d8b0e18e,co
389,137,464c47e6808e7fa99b5f55c523481075a9e0a9e4,cfs
390,137,464c47e6808e7fa99b5f55c523481075a9e0a9e4,co
391,137,480c37c40ee8eaa8d1eda7d49f3c685483906e28,rs
392,139,896eff38ab564e0c5636c7b645d8fe42589f09d4,co
393,139,e35a15f53d458e1bc15cd26cf462667cabc7f736,mi
394,139,57cf3b91d7ee950f46bf6ce5f593ebd8239833e7,cfs
395,139,38c03741825de8ad2c4ac210653d2f87afb571cc,co
396,141,3a44e384ef37a85d254603698627e9b9c70a3c3d,rs
397,141,3a44e384ef37a85d254603698627e9b9c70a3c3d,rs
398,141,3a44e384ef37a85d254603698627e9b9c70a3c3d,efun
399,141,577ada78962feb7382a2c8bb0915f897e609d55f,rc
400,141,daa7fba255c7740d483e338f1f16630aec7b249a,ec
401,141,f71936199b10d30fbdcddaf9ff8843b1432a25ae,cfs
402,142,cc0a63a543fd7a668d8a1e0a8f450e5012ad9dc9,sc
403,142,cc0a63a543fd7a668d8a1e0a8f450e5012ad9dc9,sc
404,142,cc0a63a543fd7a668d8a1e0a8f450e5012ad9dc9,sc
405,142,0f68de7bb364b5d4b70e121c6ab1556a8f16b0b3,sc
406,142,ead0bc68c3c02c23fc1a1933b52b7acc42bac951,sc
407,142,0f68de7bb364b5d4b70e121c6ab1556a8f16b0b3,sc
408,142,ead0bc68c3c02c23fc1a1933b52b7acc42bac951,sc
409,143,5cc68fb7b34ae397c6ebe7834411410451883a9c,mnc
410,143,a34e0d5eb11491387441110bdf732947f75ae9f0,co
411,143,a34e0d5eb11491387441110bdf732947f75ae9f0,efun
412,143,f317f14e00b9abe954de035fae08dbd4aa166f7e,mc
413,143,6779af7f0c792be66c8952007cb45eae56deedf6,mnc
414,143,6779af7f0c792be66c8952007cb45eae56deedf6,rc
415,143,d01f6d4622df04f8f67e1376a77b69a12ac274b9,mec
416,144,e8b036d91c37bd4518b82ad8480134ab23ca340c,em
417,145,990c3bfeecff4fb4b8e59ccd429256a91d933578,efun
418,145,e0cb1decdcf5bb3ce6243b3c8c90603822eb3858,cfs
419,145,f35d1a4af97d5db52b2e16288884247224a9eebf,em
420,145,b6bb9063f390db291ac653869aca5f3ebfcb072f,cfs
421,145,b6bb9063f390db291ac653869aca5f3ebfcb072f,cfs
433,148,bc5d917bada713f5bb3c73d6d32ef2547c385013,rs
434,148,ae2dc1994d0532c2bb497fe44c63e1077f39f59a,rc
435,148,a4e91c44ff8c4eeb97da86de87e538de77bd8c15,t2c
436,148,187db9560d11639d55922cb1ac3be35d155a445d,rc
437,148,749f09ecf7dc4fc2d1510550fe5ac2414bd198f5,rc
438,148,61d0dc1cae9eec6babf9641813495ff14e335d72,rc
439,148,881b8062ae456b18de68beaa8cf767f011b6405c,sc
442,150,3eb1b3a85340275bd224f6fc35d0838766222825,cfs
443,150,3eb1b3a85340275bd224f6fc35d0838766222825,cfs
444,150,3eb1b3a85340275bd224f6fc35d0838766222825,cfs
445,150,3eb1b3a85340275bd224f6fc35d0838766222825,cfs
446,150,3eb1b3a85340275bd224f6fc35d0838766222825,cfs
447,150,39a3358ebae73ce9b9048ea30765425b1e0a2b5f,em
448,152,8e7865b57f25cb500b336ad577968cd97d5d28c0,em
449,153,bc61cd1588bbabccfb7af325a9212c49b9825b64,sc
450,154,36748ff8939c9bba5ee1fbf92eb3438feea0bf31,efun
451,154,9b32f2308eb829a560cf1ccbb1aced2afb8d0592,cfs
452,154,9b32f2308eb829a560cf1ccbb1aced2afb8d0592,ec
453,154,73ddcff5cdc69d529f0805b1347930c6f82867ec,co
454,159,89bb10439f6adc7291e57b9ef541ff786b4dd2dd,co
455,159,cb881ad98f41049cc070dcce4ce2ed423cf31a19,cfs
456,159,cb881ad98f41049cc070dcce4ce2ed423cf31a19,efun
457,159,4c4da09be4c848af38dde6ae1b21a39a27f63b65,efun
458,159,fa3d4b6a9792de9cc4292ee34a6979f0b6ea5f8b,co
459,159,a992e998ac079002b4627ea1dff0fcbd1ceff234,co
460,159,a992e998ac079002b4627ea1dff0fcbd1ceff234,rc
461,159,97422553904f600fe1eb02cee93ccf42b7640a3c,cfs
462,159,97422553904f600fe1eb02cee93ccf42b7640a3c,efun
463,159,593ff3f4883191fa57f0f16105a46cd1c0e6e417,mc
464,160,21350d275b3f8ee6e55d2cb76fef35872b951d29,co
465,160,3b8b51a4c0151e9b1a0ce5877e7ae584d7f04a00,co
466,160,b82a5a455adb4fd8448bda064061c48a6d5c7cba,mf
467,160,1bd687525a023d9ba0f5de0c2de0d4dae410580a,co
468,160,1bd687525a023d9ba0f5de0c2de0d4dae410580a,mnc
469,161,70421f56bbbf9b0dac079b4d93e6cb24fd6d0041,co
470,161,15d4d86d96e593cabace78966d7b768e1b21ef28,mi
471,165,9e81391f952d480d6ba3792e9c387b8c7027e05f,cfs
472,165,2aca3e50c4c78b9bd4558aea86871c99952e3d1b,em
480,168,5e03c12f125c90e6e6ec4507df6fe963ed7730bf,rs
481,168,696ecf93f02ee08b94bb4fa79d6c962ef4aa3190,mec
482,168,696ecf93f02ee08b94bb4fa79d6c962ef4aa3190,mi
483,168,f29e3c6fbf75cd1cc71d77367a4b6c3c62e3f070,sc
484,170,0194fdc9a1f6bee00b80b6df9839245c9fc2c72c,rs
485,170,0194fdc9a1f6bee00b80b6df9839245c9fc2c72c,mc
486,170,423a460dd06418175c395d80d06f2c47a9de01d1,mec
487,175,78a48dca18b07212aedb2081d578fcfebaafb468,sc
488,175,ca4b342042ab2926b4011d6c7eab6d36e08b2d6f,co
489,175,5df6ffca2818599ff2ce73a19aa7e83ddf69305c,mc
490,175,5df6ffca2818599ff2ce73a19aa7e83ddf69305c,efun
491,175,1d40cde5b098a821797f28029084af39f280c2f4,ec
492,175,1d40cde5b098a821797f28029084af39f280c2f4,co
493,175,74c4e4d8dc68b708fbd245f3031db61d19cf4887,efun
494,177,a7b79893f6b2dcacfd95551a00d64803d3a84f28,co
495,177,17fed6a4301d4dadd0ad80057e0d8b9bc111b2e6,em
496,177,07987c6ca352ccc341f1a3bea17af0a6262054f3,t2c
497,178,12242b270c1bc3908a71fa287302f6c5969bab99,mnc
498,182,4a550e9e7cf3e56d60c4d757a4b55beb5ab12f1e,mc
499,182,2a8eb871e2782e9a804acacec8ea167ebfa18aaf,efun
500,182,2a8eb871e2782e9a804acacec8ea167ebfa18aaf,rc
501,182,065a8d07659458b9325a6f415b8935236e943c65,co
502,183,d9baa770d19b409bd1f557ac80fc61d56273eb63,co
503,183,b441f3f34b7f5748bbf21345e74b336e64c8c1cb,mc
504,184,846f2129c6893fcd6a37522539569db34ae21b2c,mec
505,184,8a6c908d4de1fc9c2906d42588183c4e0f045222,t3c
506,185,96b11adb8aee131f92297fcdd93f1a730eb7d743,mi
507,185,89270870977091439e79f255003d55de1c24a04f,efun
508,185,f4a334a513501ad087939fa1402d161cf87916a7,mi
509,185,b083d9f6ac854e9b0c5501a781409c777eb8e87f,rs
510,185,9826389761b81edb4196aa43f6d9b64ba29b022d,rs
511,186,0db557eae3256c75cd1589d5bb41302da10a8bf6,efun
512,186,5cbb7ca993c52ce349d95f5c285b0e288ae4b720,mi
513,188,4713506cb7b7837b2c59eaab41aa781aa6cd0f20,co
514,188,8da54c7be0ea1584a9a8052a8be19c8b2e040dec,rc
515,188,a98a5034fbb5426bf8ff1cec7955b2e9ec26e1fb,rs
516,189,a8fbc8e14780c2ea30555ac391cea65546240aa6,rs
517,189,893a7a51d6cb7f51cfba9b60dacff4f054da87fc,sc
518,190,aae8486b4acd101dfba866b2b8345db7f3cedd7b,mc
519,190,aae8486b4acd101dfba866b2b8345db7f3cedd7b,mc
520,190,aae8486b4acd101dfba866b2b8345db7f3cedd7b,mf
521,190,e1e59c59e2fbfd8ec86538af5722ab93c5a0de80,co
522,190,e1e59c59e2fbfd8ec86538af5722ab93c5a0de80,t2c
523,190,e1e59c59e2fbfd8ec86538af5722ab93c5a0de80,t2c
524,190,8f8c91c5320b18a50f32935fa31e78c52e761739,cfs
525,190,8f8c91c5320b18a50f32935fa31e78c52e761739,cfs
526,190,0d057dc74bf7e34d14217fda493c0b571a458acd,efun
527,190,ee25a637bf6527a8b706b04c7f8b40b3e530b83f,co
528,190,ee25a637bf6527a8b706b04c7f8b40b3e530b83f,sc
529,190,f92c11b693e1ed630f98ffc0b41dc4658447457a,rc
530,190,bffbcd8dd06b8e2e6c29a026ea7d9aa299350640,co
531,190,2be538e7569314ef1c6cd5464ab6d0812c33d27c,co
532,190,94755d90f5cd211e781fab1384ec1e1cae3aa0a5,co
533,190,aff15bd9099988c0d9d92d098809a47382762589,cfs
534,190,aff15bd9099988c0d9d92d098809a47382762589,sc
535,190,aff15bd9099988c0d9d92d098809a47382762589,cfs
536,190,aff15bd9099988c0d9d92d098809a47382762589,sc
537,190,7c1ea645b4011a8812a5fc6917db4e93b1f90aea,cfs
538,190,62498330c6b29ab38d2df3757276787c60c1a4ac,cfs
539,190,62498330c6b29ab38d2df3757276787c60c1a4ac,cfs
540,190,291d068b3f3e88c41bb880b3d0185d49d1dd7b86,cfs
541,190,308b5f2dacc0c8603301181626acbd1457c2dd1b,cfs
542,190,817ee34a7c599cc7fd7a0b846bb58091f3f2b002,mf
543,190,817ee34a7c599cc7fd7a0b846bb58091f3f2b002,efun
544,190,fcca0de031ad93431f64b08a2d680da71808df2e,cfs
545,190,5661cd7006684b4d676e897a6e28a7e427a66129,rs
546,192,017f079edfcba83984d03f164db2eb8a7e617b22,t3c
547,192,ca9e5e8a35712e98eec9fa98902ec6ca7cc48859,sc
548,192,1bca8299fcf274fd1950fc947e06b11e70d479b2,t3c
549,193,32cce20a9c5798ed1d919e0d3f605c44097dd3c9,cfs
550,193,0a58f43282ae75d532c7ff240b5a6665d556d120,ec
551,193,07de95b1546962056937aeec8646ab8f3b21396d,cfs
552,193,07de95b1546962056937aeec8646ab8f3b21396d,cfs
553,193,b771799bb1022d6954e0e83a4f2a563ca8864390,ec
554,193,8c2175e19b9f4636f66cc34664ef356f9999eca8,cfs
555,193,4cde57eeb1c8cbfb7ea961d303e367f581ef0b1e,co
556,193,6e2134ec909878813e74dd0255dbb22c0e9964bb,co
557,193,c968619a02ae5828d8f676222e8ae8052ac12892,cfs
558,193,6f4ebe5c9ad73d4db38c29fa1b02f46b7daa1631,ec
559,193,3f0f5e9f2f8b157dee6333153238cf4bf0f927bf,co
560,193,387fcf8540301c2dd7840a327f815cd48b387ce0,mec
561,196,321be8641cf4f2c656448242e4ad6f506a031676,efun
562,196,321be8641cf4f2c656448242e4ad6f506a031676,efun
563,196,321be8641cf4f2c656448242e4ad6f506a031676,rc
564,196,699557fb844436aead69bdeb8b260f62f9a50d50,cfs
565,196,823fcb71a5fd14da188bb92725a6ae7a517c9bd7,cfs
566,196,eb4f64b9ade3f682fe0ae522f4640d02c480ae8e,co
567,196,58980e6229b4cf2a3085540f12902e130fff871a,cfs
568,196,4c3aba80a1c6a0720d1995755d4e506732b13b89,co
569,196,4c3aba80a1c6a0720d1995755d4e506732b13b89,efun
570,200,fda85b114ad289fcc265cc8934290aaff52ebe47,rs
571,200,fda85b114ad289fcc265cc8934290aaff52ebe47,t2c
572,200,fda85b114ad289fcc265cc8934290aaff52ebe47,rc
573,200,8a81c2930fae48c9060708b3ddf9722086e98a74,ek
574,200,133b63ea1e9a92b4381cadce84925e66999345e6,mnc
575,200,466372b97ec16561cf6d5d5a72cf21a430ecf98f,rs
576,200,5588b0cbf32d9a8e107067c758aaccc5c9259c98,mnc
577,200,5588b0cbf32d9a8e107067c758aaccc5c9259c98,rc
578,201,8c79110b213a600f38f129d527a968edc0ff7972,rc
579,201,19fe4bdc42b243950d6cb5ad49695251a228f844,sc
580,203,368dc87885a18938dadcdd9423dc946b2bbe3238,mc
581,203,43035adef2f784adf2f8e4a9831e8a5639836f26,rc
582,204,c8af136d1bb31e7c0d0fe570f457f0a099862865,mec
583,204,85d7c2d3b5cd4461fa19103c645ed123e04dc556,sc
584,204,85d7c2d3b5cd4461fa19103c645ed123e04dc556,sc
585,204,85d7c2d3b5cd4461fa19103c645ed123e04dc556,sc
587,207,e415fd95c3101f53447e17850e423c57775f7905,t2c
588,207,258dce604c2a11e174b28f110617c6a4e7a2b5ab,mec
589,207,258dce604c2a11e174b28f110617c6a4e7a2b5ab,mec
590,208,15713ad5c5f11320b3b14604f2d54d381ef7e46a,cfs
591,208,d1c16c290f85519c2feca46937fc95a66f149c8c,co
592,208,6fd7250d0e20a8281f9aca47f1e58c7ec54d06ad,sc
593,210,9be7e62c9113014fe9b58c2b0b4caea136264fc3,co
594,210,9be7e62c9113014fe9b58c2b0b4caea136264fc3,cfs
595,210,8bd57a15bff0aa746468360482bf895a065e9573,rs
596,210,46c41ae21284077edb9d14c637defa7a379f4163,ec
597,210,043dfe79e65d747e5d3b203f0313e2fbaf112295,sc
598,210,30b2a9c2fdac40c723656034c4066c7f05167809,rs
599,210,c0bf3b41201de8868df138290cb95ff84c48f02b,em
600,211,79bd963fe0c8b078502f668b2c9f3b1543f930af,cfs
601,211,40699b1833b386e646109fb1092c2792ad159cf1,cfs
602,211,9657a6dcb02ba0740358419883479ff6c85a13f5,efun
603,211,bbf94ccd5dc9619017bae5dba5420b5b9a210219,efun
604,211,cd561eceb30cae02f5f9c59db5f9a0032e36c8a6,cfs
605,211,8d695305340e0596f3b059777638880da3b51e17,cfs
606,212,0cdbbbc68f0b4d7f1ca2d1f2899e537f87f7ef84,cfs
607,212,0cdbbbc68f0b4d7f1ca2d1f2899e537f87f7ef84,mc
608,213,d5c3cef47155b5c2aad146465187364a2b41fd99,cfs
609,214,d4584631fa4a55126250992004c8bac7b2957b24,co
610,214,e12704f96580b9d10ea1ed9b8dc32915dd777d0f,mc
611,214,6194b3f4adcc8165c474627870e445f5753336ca,co
612,214,5bf3544dd7fd9c5cbf1435eb26489e9607e21ca0,co
613,214,5bf3544dd7fd9c5cbf1435eb26489e9607e21ca0,efun
614,214,7b0ce395d03d284c75a1d8439779732348fb107f,co
615,214,3d1afab7953d255e5a0d8b9eb97f670f9174307b,mnc
616,215,5da91a2ca0f0415c5b2b4eef2ae63965ec2e911d,sc
626,217,f7de631936b9614ceb38f398327bc6695788970f,efun
627,217,f7de631936b9614ceb38f398327bc6695788970f,efun
628,217,f7de631936b9614ceb38f398327bc6695788970f,efun
629,217,f7de631936b9614ceb38f398327bc6695788970f,efun
630,217,bbe32ca2b44c334702c75cc46a880ec2225c4c6d,mf
631,217,bbe32ca2b44c334702c75cc46a880ec2225c4c6d,rc
632,217,8d08c02f121dcf903e8430cf3a47d6f62646edca,mf
633,217,02e9dab316eb86cbe9220ee134936087ecb300f6,rc
634,218,1523bb3a9b426f758cb226e4bbc5728e9a1fd533,co
635,218,034101d4e7076649f39e842c8842a114c699705d,efun
636,218,a13b308435277b314470aea64349690ec5d5207b,rc
637,218,a13b308435277b314470aea64349690ec5d5207b,co
638,218,c726fd3c40e1892c2e072b5ab663d3a363383ae1,rs
639,218,10b7fee32ff1db3c37a454a415d594cae5d0f3f0,co
640,218,74a0daf4be5ccc2106693eafa2ac64d0b2213c12,cfs
641,218,74a0daf4be5ccc2106693eafa2ac64d0b2213c12,t1c
642,218,1f7dd0bebcca7a8d813040476e70a8bf6a5dd4cb,mc
643,218,c38a0c49bdbe2bb017be7e1dcae262d197bb0f0d,em
644,218,03aaaa5960dab39897aa1303100e393ad41a0280,mnc
645,218,255653895c950013c4151085989f497321af5889,co
646,218,fc887f2214c472745c9fb26b11a167b4cc6a147c,em
647,219,7d4c5532a822f4128c9a7adb8a6f48526e54cd03,rc
648,221,8674e95cbdf4b49e6a0bbc7675db8e29da75b98d,ev
649,221,7103bc19e49e041224db6c1efa1d540cf9a4b1ee,co
650,222,15fb003c92362878314e4c704fd17a5988a7986c,co
651,223,ea10fd7c11fe3730e9c242f3855d5d45b62e59e6,mec
652,223,cb1089d88a3b3a385505626dc9618158cb9a3aae,co
653,223,0ae2aa0a507959c0542dc4cace1877872c7eed55,co
654,224,43004ec0976a0894abdc501c8a5339fdec880218,rs
655,224,43004ec0976a0894abdc501c8a5339fdec880218,cfs
656,224,f5c844f60eccedcdd932ef36176daa0bbe43d024,cfs
657,224,f5c844f60eccedcdd932ef36176daa0bbe43d024,cfs
658,224,80b30e1c155bb8c8ad3b331de5fd6c7aade14b79,ek
659,224,80b30e1c155bb8c8ad3b331de5fd6c7aade14b79,sc
660,224,80b30e1c155bb8c8ad3b331de5fd6c7aade14b79,efun
661,225,81abdaae764afb7c8a4b053fa55af1b5993fc94b,sc
662,225,81abdaae764afb7c8a4b053fa55af1b5993fc94b,sc
663,225,a3512514e3afd4939069142c30779c7de3393f70,t2c
664,225,54228602b04ec92dcf944a26b0d61f2adef017d8,t2c
665,225,44cd290a38b6cb750591c5743e27be09fa8b19e2,rc
666,226,b8c347761827da2bac027de6fcffc8d12657b64f,mi
667,226,066c68554d7181e54a9a68ee06169b9ea435ecce,co
668,226,066c68554d7181e54a9a68ee06169b9ea435ecce,rs
669,226,6c250cfec5373f5ebf804968138bab6eb01af07c,co
670,226,b42e901981a0f3c477ea5d51818f80cb28e91f8f,sc
671,226,b42e901981a0f3c477ea5d51818f80cb28e91f8f,co
672,226,2a4cc5ae7b810003404096a6030399b3c3a1e377,co
673,226,01626d39417018ecd056e0a5a21e9df594c23572,sc
674,227,34dc187b25c56fda70c98de6830dc0adca5680c4,mi
675,227,d526403bb8a8801dc2d99b0df23af123db921587,ri
676,227,3dbee3df3cd5d19b09236a84b4ba412e12699a1c,mnc
677,227,7fd688d21dae2814ffcadc09f7ef6a94be4a427b,rc
678,227,30e28b3a7c52ad8c2a10d958e79804867188bc2b,sc
679,227,cc1f5e323c984c9494860f0dc808e2265cda2202,efun
680,227,cc1f5e323c984c9494860f0dc808e2265cda2202,ek
681,227,cc1f5e323c984c9494860f0dc808e2265cda2202,sc
682,227,cc1f5e323c984c9494860f0dc808e2265cda2202,mec
683,227,cc1f5e323c984c9494860f0dc808e2265cda2202,sc
684,229,675a6b5d3a271f02bb3b867fa4e7816733c01b62,cfs
685,230,48e3a2e6fe52c3f6db5ddeedefb72a633f6bed80,rc
686,230,b0f10f4c29665822ce57f0c0087059b75a045a69,cfs
687,230,b0f10f4c29665822ce57f0c0087059b75a045a69,co
688,230,f0cc5bf4c23e4a671328e10854cf73817252376a,t1c
689,230,372014781783777ff27113985c3c3edd781b7cab,co
690,230,b076843131a421e87c4ed39e1f304f5c8b02d3e9,efun
691,230,b076843131a421e87c4ed39e1f304f5c8b02d3e9,rc
692,230,dc4ce4ba5324468994a54828b49c9eb11bdf5b0a,rs
693,231,5e8196dd142c569e72afe077341805fd1aff84b2,efun
694,231,054a98ac71a771f23a4415b7aea56409fca7ca50,efun
695,231,054a98ac71a771f23a4415b7aea56409fca7ca50,rs
696,231,054a98ac71a771f23a4415b7aea56409fca7ca50,mec
697,231,9a066b98a9d437047705bd153dabdf0895b3d115,cfs
698,231,79405bf4053eb8423013c1396e1fb1a9d01c1f21,mnc
699,231,8f7eaf8d926ae747c1277558b3bf3aa6bbed5f0c,co
700,231,8f7eaf8d926ae747c1277558b3bf3aa6bbed5f0c,t2c
701,231,cdf5f1010c16f6f8035c1f21a74c134fbe266389,sc
702,231,cdf5f1010c16f6f8035c1f21a74c134fbe266389,co
703,231,cdf5f1010c16f6f8035c1f21a74c134fbe266389,rc
704,232,9b1cc2917fe9c4a096f7be4b42d96aab2c78025b,mi
705,232,5b704dc74eb96f03cbfaf35bd032f71c884e8c32,sc
706,232,6462bf5afd38a4ae92e9bad531402eb13f96bb2e,co
707,232,37665e66b09acbb42f072f49fff679f7f408ef01,co
708,232,37665e66b09acbb42f072f49fff679f7f408ef01,efun
709,232,c38fb001853ba9dc69c45066e4280a1468c64298,co
710,232,634b6723ab3da27c28e611bc9496102274c048a5,co
711,232,b8e63dc7284321239ac656ae6081b46928eec349,rc
712,233,c33b3dc434b74fbddb0b22175a18f0a5c9a55ead,mec
713,233,38436304077caaf306e0640dc98f5e1744f2eb9a,co
714,233,341c297854f119a6b64dd58a01dfa0cb158a2fa0,mec
715,233,61e9c14e851d672e83ce3e66d2e9629342c46043,t2c
716,234,7f30ac311943dd8e755d73fbc351504176b14e6e,mi
717,234,52a7aa9ede945d3ca7ce5f8e132f3be320ec5ddc,co
718,234,25f241fbe3f19adb6a8b3efa880758421fa3c445,cfs
719,236,4cfeb3ff25507b595125ebf0454e1fe7c118ea2d,em
720,236,4d69ec598bc0c0b1361ecb90e2ec287f9e55aaa4,em
721,236,a103528b93527c36cabd4e4a057b3739180219a6,mec
722,236,4cab6184b83be9fca2fcbd112143e479e27036a5,co
723,236,9dc47c431cfb3198740a4e865fccb0f623921657,co
724,236,88bdf1a68d03f6acbca2fde4b5f1e6e2e4b9a35f,co
725,236,f04806b375e8c145c8867f8b7b514b52f3f6f932,co
726,236,b97980fd7af05e9e6336c1015beb3720a09215e4,t2c
727,236,9302d5bb3acbac44cd36c4dee5d6cf51a81bf376,efun
728,238,278aa7e3c4064088b5707f6d4e7f809977776475,sc
729,238,278aa7e3c4064088b5707f6d4e7f809977776475,mi
736,240,b25fb8a22eb7ac14c9b69ae9439c302826abe564,ri
737,240,1aff53a4ac1b684d668747d60d88c8f896dfa81c,cfs
738,240,1aff53a4ac1b684d668747d60d88c8f896dfa81c,rs
739,240,57cd7c6e4f4f0ada7e0c1b19fb68ebb454aa6bc5,co
740,241,1fc7de5fd3f67685f8f956802b7818d4b6ecf4a8,co
741,243,fccf7943af46551ee269a390cc399a31b7ff9856,rc
742,243,aeb37f60c4d7b66f7f4bfa8cfe512b014f2e515e,rs
743,243,beda4e897817ab4d4a882f9555f4e45c685aeaaf,mnc
744,243,beda4e897817ab4d4a882f9555f4e45c685aeaaf,mi
745,243,344a00b2a31345b3aea1f41bedc5e4abee3ebdcb,mi
746,244,c9e55c24a3b53b13e840d765674dcc375701bee3,mi
747,244,c9e55c24a3b53b13e840d765674dcc375701bee3,mnc
748,244,771783b0e4e67733c97b0f888e5a10f2e4603e03,rc
749,244,e1f2947e31b5d94c0c834ffecbc4714529463f54,co
750,246,24fe55f4eb61fd2f8c2772185e04100dbee4fa6b,rc
751,248,a1f4bb3ca960fb3279a6b4df98ca87692234519e,rs
752,249,25548149afffc7cbcf83530e06507beb99b59b25,rs
753,249,7a54cacf49811b7c8a115889eff59d7fa685096d,cfs
754,249,7a54cacf49811b7c8a115889eff59d7fa685096d,mnc
755,249,4cfc427f1a70fb49f9435a2e2a4646114f54f531,sc
756,250,e499439c539256830811abfdad9321bad4c864b4,t2c
757,250,e415df4775e97621bad6e4c4a3f1a04131d53ed7,rs
758,250,791378e310444440f5e57c33be5ea2ca5e44ed62,co
759,251,8ad35d39436e3bfffc8303f8265f820b337b0752,co
760,251,ddb20d557dceea9cbcdefff7d5c79852b7c6640a,co
761,251,dab004d99ab31c413ac2c214ad027e89b028c5f9,rc
762,251,5482d1e28450cd72a3e6d6283d1eb08b54899bd9,ri
763,252,304529ed07b06c0aca900f5bbe4938aa7a087514,rs
764,252,304529ed07b06c0aca900f5bbe4938aa7a087514,cfs
765,254,7ae63bb8531594cdc9f7de93c6c579db65094eb8,cfs
766,254,62d27ccadcdd0cf15e5a94e9774bb90bcfae0054,efun
767,254,62d27ccadcdd0cf15e5a94e9774bb90bcfae0054,efun
768,254,124ee7891d7832d3446990f29695301f774ced49,cfs
769,254,459988e1799a4e8b8cd271a93e8f93c2d67e8072,mnc
770,254,f0a3c93f7ceda35713a7d9b2bb56f3ab870d3d9b,efun
771,254,02bb6924ee69449a0c2a6a3b2dc6808b82e8a8f5,cfs
772,254,63afd961e0416cd6983d6560c05b427115c771ba,mnc
773,254,e228e1634031493363af6c9e3ee3cb5c1f64ed48,cfs
774,254,4b68cc6210fbf00014e9b46fb7de4c9a7857ffad,mec
775,254,71530c55dba0ab3444f2fb328e299b83d0807d51,cfs
776,254,71530c55dba0ab3444f2fb328e299b83d0807d51,em
777,254,fee96c6a367d016afb1b98536eca128a95b9779f,rc
778,254,d133c82551dd0f6ce549cbcd6a6cfbddc202423c,ec
779,254,ed12e69cb2c06f23437f29844aee389de7be7d95,mf
780,254,a97b1fe7af6a5b58b6a45bc0a06adbe0b1810136,mi
781,254,a97b1fe7af6a5b58b6a45bc0a06adbe0b1810136,em
782,254,f3b6b6e393d551036a244061c339423abea34c99,ec
783,254,4336692e401a6425f4801253d3e1ba76a631d633,mec
784,254,4336692e401a6425f4801253d3e1ba76a631d633,mi
785,257,cc201222f8b583601188e932f5ea749baed72f7b,mc
786,257,eab64df21f7efc67c469320f789a4e232443e3a7,em
787,257,cd3703ed14ef8c8c59fb322d54ef9a4d40110813,sc
788,257,9d464609e5b0eae2deafa5c2840e6a4598176b78,mc
789,257,7ca6baabe44ed621ff714de3712fcaa9d3613f1b,rc
790,257,893360ea033f299ed39f5278330858eb18952551,rc
791,257,550c0ea52773fb163138c5137bb624622bbbbd42,co
792,257,550c0ea52773fb163138c5137bb624622bbbbd42,mec
793,257,3a436ac7f2c59b220d8774f86151000fec092297,co
794,258,ad243545f4744f5ec99e5f157dfe9df8e4b4a0b1,co
795,258,c8e2f6c08ba94fc27fd129de2b8111c5e71e4be5,co
796,258,c8e2f6c08ba94fc27fd129de2b8111c5e71e4be5,mc
797,260,096b4769b5175a927ba8908f46a3e4e6d3587086,t1c
798,260,c5ff77b8174000632a036677fd708f475af779e6,rc
799,261,168f62fdb50982978db16c00265775b4251aac1b,mec
800,261,5dea00274df9572ffa1f4261aac1303b67846765,efun
801,261,5dea00274df9572ffa1f4261aac1303b67846765,efun
802,261,5dea00274df9572ffa1f4261aac1303b67846765,efun
803,261,470d3ab1ea5c1733d21425ded82d24fb40c3cebd,rc
804,262,cc7e6744d854868f3a2d383067f3e4c059fd897f,cfs
805,262,cc7e6744d854868f3a2d383067f3e4c059fd897f,cfs
806,262,cc7e6744d854868f3a2d383067f3e4c059fd897f,cfs
807,263,a2348d3cb92f8583e9015da6b58d108f06902b2f,co
808,263,b70bd62f8184bfd1d11ef6eb9ab477b46c9f52d8,sc
809,263,64ba536c9879728d54c3cf616ffd8af7f587a687,sc
810,264,e3810d8bc5089c1b7440322f59100114e0c7fbcd,co
811,264,9889c89f41b5627b945d96a1a2956baf4f255fb7,mnc
812,265,7c459ceb7938c0e93fbbb2d57fb9d38108f7675b,co
813,265,ad19e3e36af4d41d992c36931c9922c2f87bbf52,mc
814,265,98a53075df677389b69fff6cd30c4b7c44ea91a8,efun
815,6,670ea3c6ab25e9febeec4ee508f6846460f8a6a2,mnc
816,125,cb4a17771418e8d21531bfc5f7ec0fdf90d58bef,co
819,137,3fc6d7cd53ce927d441578642fe5db4d4cf2fa45,mec
820,33,2d3e038940c82e5a0be019654d08a9da507686fa,sc
821,137,26007d6031972599b69e52567957d310190b62cd,cfs
822,137,26007d6031972599b69e52567957d310190b62cd,sc
823,142,41b88a7d6e56b15954ed4dbba27638d3bd20f664,mnc
824,176,d0a3000c9232f8b1d51ab050d0e46d897a33955c,co
825,42,5e10dd9b0f453d52b7750bbb4602ddb1a0aeaf39,rc
826,223,a65d347c8dc60be7c1218ff01da7e91d32653aff,co
827,257,3c5cae99ebda988c4592f4d6997eb9c5498c2eb0,co
828,29,dac90e6e466b415022d99b719165788dc3389dbb,mc
829,137,9ebf6a9346eee9722392bdbc134cf2917f8e20b6,cfs
830,137,f3cb901fb194201f4c15373ee5b0e2c6d6bc176c,cfs
831,142,4e6aac7b1589ef1d8a60e0fa0f0b49d51b69283d,mc
832,142,2d973b9e3fa89a19b8ef6f1b66169ff076f4d661,sc
833,142,0786e7110d1a33e465a047f18825159a98337f51,mc
834,142,0786e7110d1a33e465a047f18825159a98337f51,mc
835,185,bac379a88ac3e7656c880bdb5ca8a0155ea0f851,mc
836,223,a65d347c8dc60be7c1218ff01da7e91d32653aff,co
837,66,cd0a53f53b4587a1f6a01afc0b35ef6141e1938d,mc
838,267,2d1cd0d39bbe3cadb8b0feb5ac5517c418d71a53,mc
839,267,2d1cd0d39bbe3cadb8b0feb5ac5517c418d71a53,mnc
840,269,d0fb8e968ab84713a911e4da87e23d7c538e0774,rs
841,269,ee38a4ac62b16f75b70ab8a2218abb9d80c3f1d6,rs
842,269,4102d98720b9252ddf14631c587f39f66b2c7058,rs
843,270,f2ecc1f92533f6d32efd5d15b56764f186182a2d,rc
844,270,f2ecc1f92533f6d32efd5d15b56764f186182a2d,mec
845,270,2023c6a3afb035f136213e5f5103e19127a8a3f4,sc
846,270,a52246f0d8a2956360d51a99f078e9d264686d11,rs
847,271,8119c5f17fccd79388263d1a0bc0cdb1ed3619ba,cfs
848,271,8119c5f17fccd79388263d1a0bc0cdb1ed3619ba,rs
849,271,8119c5f17fccd79388263d1a0bc0cdb1ed3619ba,cfs
850,271,8119c5f17fccd79388263d1a0bc0cdb1ed3619ba,rs
851,271,8119c5f17fccd79388263d1a0bc0cdb1ed3619ba,rs
852,272,e63eb060b2d0197b83d9f80ae95a4077cf040c95,efun
853,272,e63eb060b2d0197b83d9f80ae95a4077cf040c95,mnc
854,272,41dad95a020bf3f21964420a9bd08c5efc1ad93c,rc
855,272,d9c7df09e975a1ce4b61c66f0095b530d249134c,rc
856,272,cf49013d128d184d4a8fcbc31ec6629eebbe8f00,rc